[
  {
    "username": "gilang",
    "email": "sseveninee@gmail.com",
    "password": "gilang2201"
  },
  {
    "username": "siapanamamutuan",
    "email": "hialn@gmail.com",
    "password": "sevegbgt"
  },
  {
    "username": "apalah",
    "email": "gajelu@gmail.com",
    "password": "masasihh"
  },
  {
    "username": "aaaaa",
    "email": "admin",
    "password": "aaaaaaaa"
  },
  {
    "username": "langbot",
    "email": "gilangsandi823@gmail.com",
    "password": "gilang2201"
  },
  {
    "username": "kutukan",
    "email": "kutukan@gmail.com",
    "password": "anu123456"
  }
]